{
  "run_id": "model-qpm-500-json-20260709160436",
  "generated_at": "2026-07-09T16:05:46.689757+00:00",
  "target_qpm": 500,
  "total": 500,
  "elapsed_seconds": 70.01222833897918,
  "sliding_60s_started_peak": 500,
  "sliding_60s_finished_peak": 495,
  "status_counts": {
    "ok": 500
  },
  "error_counts": {},
  "success_ratio": 1.0,
  "ok_latency_seconds": {
    "avg": 5.518459645457566,
    "p50": 5.197437737020664,
    "p90": 6.706417815992609,
    "p95": 7.712906238972209,
    "p99": 12.396685100975446
  },
  "all_latency_seconds": {
    "avg": 5.518459645457566,
    "p50": 5.197437737020664,
    "p90": 6.706417815992609,
    "p95": 7.712906238972209,
    "p99": 12.396685100975446
  },
  "sample_errors": []
}